<?xml version="1.0"?>

<!-- /**
* @author Elsner Team
* @copyright Copyright © Elsner Technologies Pvt. Ltd (https://www.elsner.com/)
* @package Elsnertech_SpeedBooster
*/ -->

<config xmlns:xsi="http://www.w3.org/2001/XMLSchema-instance" xsi:noNamespaceSchemaLocation="urn:magento:module:Magento_Config:etc/system_file.xsd">
    <system>
        <tab id="elsnertech" translate="label" sortOrder="100">
            <label>Elsnertech</label>
        </tab>
        <section id="speedbooster" translate="label" type="text" sortOrder="100" showInDefault="1" showInWebsite="1" showInStore="1">
            <label>Speed Booster</label>
            <tab>elsnertech</tab>
            <resource>Elsnertech_SpeedBooster::config_speedbooster</resource>
            <group id="general" translate="label" type="text" sortOrder="1" showInDefault="1" showInWebsite="1" showInStore="1">
                <label>Configuration</label>
                <field id="active" translate="label" type="select" sortOrder="1" showInDefault="1" showInWebsite="1" showInStore="1">
                    <label>Speed Booster</label>
                    <source_model>Magento\Config\Model\Config\Source\Enabledisable</source_model>
                </field>
            </group>
        </section>
    </system>
</config>
