<?xml version="1.0"?>

<config xmlns:xsi="http://www.w3.org/2001/XMLSchema-instance" xsi:noNamespaceSchemaLocation="urn:magento:framework:ObjectManager/etc/config.xsd">
    <preference for="Elsnertech\Homeslider\Api\Data\HomesliderInterface" type="Elsnertech\Homeslider\Model\Homeslider" />

    <virtualType name="Elsnertech\Homeslider\Model\ResourceModel\Homeslider\Grid\Collection" type="Magento\Framework\View\Element\UiComponent\DataProvider\SearchResult">
        <arguments>
            <argument name="mainTable" xsi:type="string">homeslider</argument>
            <argument name="resourceModel" xsi:type="string">Elsnertech\Homeslider\Model\ResourceModel\Homeslider</argument>
        </arguments>
    </virtualType>
    <type name="Magento\Framework\View\Element\UiComponent\DataProvider\CollectionFactory">
        <arguments>
            <argument name="collections" xsi:type="array">
                <item name="homeslider_record_homeslider_list_data_source" xsi:type="string">Elsnertech\Homeslider\Model\ResourceModel\Homeslider\Grid\Collection</item>
            </argument>
        </arguments>
    </type>
</config>