<?xml version="1.0"?>
<!--
/**
 * @author Elsner Team
 * @copyright Copyright © Elsner Technologies Pvt. Ltd (https://www.elsner.com/)
 * @package Elsnertech_SpeedBooster
 */
-->

<config xmlns:xsi="http://www.w3.org/2001/XMLSchema-instance" xsi:noNamespaceSchemaLocation="urn:magento:module:Magento_Config:etc/system_file.xsd">
    <system>
        <tab id="elsnertech" translate="label" sortOrder="100">
            <label>Elsnertech</label>
        </tab>
        <section id="speedbooster" translate="label" type="text" sortOrder="100" showInDefault="1" showInWebsite="1" showInStore="1">
            <label>Speed Booster</label>
            <tab>elsnertech</tab>
            <resource>Elsnertech_SpeedBooster::config_speedbooster</resource>
            <group id="general" translate="label" type="text" sortOrder="1" showInDefault="1" showInWebsite="1" showInStore="1">
                <label>Configuration</label>
                <field id="active" translate="label" type="select" sortOrder="1" showInDefault="1" showInWebsite="1" showInStore="1">
                    <label>Speed Booster</label>
                    <source_model>Magento\Config\Model\Config\Source\Enabledisable</source_model>
                </field>
            </group>
            <group id="settings" translate="label" type="text" sortOrder="34" showInDefault="1" showInWebsite="1" showInStore="1">
                <label>Settings</label>
                <field id="enabled" translate="label" type="select" sortOrder="1" showInDefault="1" showInWebsite="1" showInStore="1" canRestore="1">
                    <label>Enabled</label>
                    <source_model>Magento\Config\Model\Config\Source\Yesno</source_model>
                </field>
                <field id="quality_level" translate="label" type="text" sortOrder="1" showInDefault="1" showInWebsite="1" showInStore="1" canRestore="1">
                    <label>Quality level</label>
                    <comment><![CDATA[Between 0 and 100]]></comment>
                    <depends>
                        <field id="*/*/enabled">1</field>
                    </depends>
                </field>
                <field id="convertors" translate="label" type="text" sortOrder="1" showInDefault="1" showInWebsite="1" showInStore="0" canRestore="1">
                    <label>Convertors</label>
                    <comment><![CDATA[Allowed values: cwebp,gd,imagick,wpc,ewww]]></comment>
                    <depends>
                        <field id="*/*/enabled">1</field>
                    </depends>
                </field>
                <field id="encoding" translate="label" type="select" sortOrder="1" showInDefault="1" showInWebsite="1" showInStore="0" canRestore="1">
                    <label>Encoding</label>
                    <source_model>Elsnertech\SpeedBooster\Model\Config\Source\Encoding</source_model>
                    <comment><![CDATA[Allowed values: lossy,lossless,auto]]></comment>
                    <depends>
                        <field id="*/*/enabled">1</field>
                    </depends>
                </field>
            </group>
            <group id="nextgensettings" translate="label" type="text" sortOrder="34" showInDefault="1" showInWebsite="1" showInStore="1">
                <label>Next Generation Settings</label>
                <field id="enabled" translate="label" type="select" sortOrder="1" showInDefault="1" showInWebsite="1" showInStore="1" canRestore="1">
                    <label>Enabled</label>
                    <source_model>Magento\Config\Model\Config\Source\Yesno</source_model>
                </field>
                <field id="debug" translate="label" type="select" sortOrder="2" showInDefault="1" showInWebsite="1" showInStore="1" canRestore="1">
                    <label>Debugging</label>
                    <source_model>Magento\Config\Model\Config\Source\Yesno</source_model>
                    <depends>
                        <field id="*/*/enabled">1</field>
                    </depends>
                </field>
                <field id="log" translate="label" type="select" sortOrder="2" showInDefault="1" showInWebsite="1" showInStore="1" canRestore="1">
                    <label>Logging</label>
                    <source_model>Magento\Config\Model\Config\Source\Yesno</source_model>
                    <depends>
                        <field id="*/*/enabled">1</field>
                    </depends>
                </field>
                <field id="convert_images" translate="label" type="select" sortOrder="1" showInDefault="1" showInWebsite="1" showInStore="1" canRestore="1">
                    <label>Convert images</label>
                    <source_model>Magento\Config\Model\Config\Source\Yesno</source_model>
                    <comment>Try to convert JPGs and PNGs to NextGen, if the NextGen image does not exist yet</comment>
                    <depends>
                        <field id="*/*/enabled">1</field>
                    </depends>
                </field>
                <field id="target_directory" translate="label" type="select" sortOrder="1" showInDefault="1" showInWebsite="1" showInStore="1" canRestore="1">
                    <label>Target directory</label>
                    <source_model>Elsnertech\SpeedBooster\Config\Source\TargetDirectory</source_model>
                    <comment>Where to save converted images</comment>
                    <depends>
                        <field id="*/*/enabled">1</field>
                    </depends>
                </field>
                <field id="hash" translate="label" type="select" sortOrder="2" showInDefault="1" showInWebsite="1" showInStore="1" canRestore="1">
                    <label>Add image hash</label>
                    <source_model>Magento\Config\Model\Config\Source\Yesno</source_model>
                    <depends>
                        <field id="*/*/enabled">1</field>
                    </depends>
                </field>
                <field id="convert_on_save" translate="label" type="select" sortOrder="1" showInDefault="1" showInWebsite="1" showInStore="1" canRestore="1">
                    <label>Convert images on save</label>
                    <source_model>Magento\Config\Model\Config\Source\Yesno</source_model>
                    <comment>Try to convert JPGs and PNGs to NextGen, when the original image is modified or created</comment>
                    <depends>
                        <field id="*/*/enabled">1</field>
                    </depends>
                </field>
                <field id="lazy_loading" translate="label" type="select" sortOrder="1" showInDefault="1" showInWebsite="1" showInStore="1" canRestore="1">
                    <label>Add lazy loading attribute</label>
                    <source_model>Magento\Config\Model\Config\Source\Yesno</source_model>
                    <comment><![CDATA[Add <code>loading="lazy"</code> attribute, which is supported by some browsers]]></comment>
                    <depends>
                        <field id="*/*/enabled">1</field>
                    </depends>
                </field>
            </group>
        </section>
    </system>
</config>