<?xml version="1.0"?>
<config xmlns:xsi="http://www.w3.org/2001/XMLSchema-instance" xsi:noNamespaceSchemaLocation="urn:magento:module:Magento_Config:etc/system_file.xsd">
    <system>
        <tab id="elsnertech_login" translate="label" sortOrder="1000">
            <label>Elsnertech</label>
        </tab>
        <section id="login" translate="label" sortOrder="130" showInDefault="1" showInWebsite="1" showInStore="1">
            <label>Login Page</label>
            <tab>elsnertech_login</tab>
            <resource>Elsnertech_Customisation::general</resource>
            <group id="mainConfig" translate="label" type="text" sortOrder="10" showInDefault="1" showInWebsite="1" showInStore="1">
                <label>Login registration page config </label>
                  <field id="banner_image" translate="label comment" type="image" sortOrder="50" showInDefault="1" showInWebsite="1" showInStore="1">
                    <label>Select Image</label>
                    <backend_model>Elsnertech\Customisation\Model\Config\Backend\Image</backend_model>
                    <base_url type="media" scope_info="1">theme</base_url>
                </field>
                <field id="login_content" translate="label" type="editor" sortOrder="1" showInDefault="1" showInWebsite="1" showInStore="1">
                        <label>Content</label>
                         <frontend_model>Elsnertech\Customisation\Block\Adminhtml\Editor</frontend_model>
                </field>
            </group>
        </section>
        <section id="contactus" translate="label" sortOrder="130" showInDefault="1" showInWebsite="1" showInStore="1">
            <label>Contact Page Config</label>
            <tab>elsnertech_login</tab>
            <resource>Elsnertech_Customisation::general</resource>
             <group id="mainConfigcontact" translate="label" type="text" sortOrder="10" showInDefault="1" showInWebsite="1" showInStore="1">
                <label>contact us page config </label>
                  <field id="banner_image" translate="label comment" type="image" sortOrder="50" showInDefault="1" showInWebsite="1" showInStore="1">
                    <label>Select Image</label>
                    <backend_model>Elsnertech\Customisation\Model\Config\Backend\Image</backend_model>
                    <base_url type="media" scope_info="1">theme</base_url>
                </field>
                <field id="contact_us_content" translate="label" type="editor" sortOrder="1" showInDefault="1" showInWebsite="1" showInStore="1">
                        <label>Content</label>
                         <frontend_model>Elsnertech\Customisation\Block\Adminhtml\Editor</frontend_model>
                </field>
            </group>
        </section>
        <section id="aboutus" translate="label" sortOrder="130" showInDefault="1" showInWebsite="1" showInStore="1">
            <label>About us Page Config</label>
            <tab>elsnertech_login</tab>
            <resource>Elsnertech_Customisation::general</resource>
             <group id="mainConfigabout" translate="label" type="text" sortOrder="10" showInDefault="1" showInWebsite="1" showInStore="1">
                <label>About us page config </label>
                  <field id="banner_image" translate="label comment" type="image" sortOrder="50" showInDefault="1" showInWebsite="1" showInStore="1">
                    <label>Select Image</label>
                    <backend_model>Elsnertech\Customisation\Model\Config\Backend\Image</backend_model>
                    <base_url type="media" scope_info="1">theme</base_url>
                </field>
                <field id="about_us_content" translate="label" type="editor" sortOrder="1" showInDefault="1" showInWebsite="1" showInStore="1">
                        <label>Content</label>
                         <frontend_model>Elsnertech\Customisation\Block\Adminhtml\Editor</frontend_model>
                </field>
            </group>
        </section>
         <section id="carpage" translate="label" sortOrder="130" showInDefault="1" showInWebsite="1" showInStore="1">
            <label>Cart Page</label>
            <tab>elsnertech_login</tab>
            <resource>Elsnertech_Customisation::general</resource>
             <group id="mainConfigcontact" translate="label" type="text" sortOrder="10" showInDefault="1" showInWebsite="1" showInStore="1">
                <label>Cart us page config </label>
                  <field id="banner_image" translate="label comment" type="image" sortOrder="50" showInDefault="1" showInWebsite="1" showInStore="1">
                    <label>Select Image</label>
                    <backend_model>Elsnertech\Customisation\Model\Config\Backend\Image</backend_model>
                    <base_url type="media" scope_info="1">theme</base_url>
                </field>
            </group>
        </section>
        <section id="checkoutpage" translate="label" sortOrder="130" showInDefault="1" showInWebsite="1" showInStore="1">
            <label>Checkout Page</label>
            <tab>elsnertech_login</tab>
            <resource>Elsnertech_Customisation::general</resource>
             <group id="mainConfigcontact" translate="label" type="text" sortOrder="10" showInDefault="1" showInWebsite="1" showInStore="1">
                <label>Checkout us page config </label>
                  <field id="banner_image" translate="label comment" type="image" sortOrder="50" showInDefault="1" showInWebsite="1" showInStore="1">
                    <label>Select Image</label>
                    <backend_model>Elsnertech\Customisation\Model\Config\Backend\Image</backend_model>
                    <base_url type="media" scope_info="1">theme</base_url>
                </field>
                <field id="checkout_content" translate="label" type="editor" sortOrder="1" showInDefault="1" showInWebsite="1" showInStore="1">
                        <label>Content</label>
                         <frontend_model>Elsnertech\Customisation\Block\Adminhtml\Editor</frontend_model>
                </field>
            </group>
        </section>
        <section id="blogpage" translate="label" sortOrder="130" showInDefault="1" showInWebsite="1" showInStore="1">
            <label>Blog Page</label>
            <tab>elsnertech_login</tab>
            <resource>Elsnertech_Customisation::general</resource>
             <group id="mainConfigblog" translate="label" type="text" sortOrder="10" showInDefault="1" showInWebsite="1" showInStore="1">
                <label>Blog us page config </label>
                  <field id="banner_image" translate="label comment" type="image" sortOrder="50" showInDefault="1" showInWebsite="1" showInStore="1">
                    <label>Select Image</label>
                    <backend_model>Elsnertech\Customisation\Model\Config\Backend\Image</backend_model>
                    <base_url type="media" scope_info="1">theme</base_url>
                </field>
            </group>
        </section>
       
    </system>
</config>