<root>
<config>
    <web>
        <default>
            <cms_home_page>porto_home_3</cms_home_page>
            <cms_no_route>no-route-2</cms_no_route>
        </default>
    </web>
    <cms>
        <wysiwyg>
            <enabled>hidden</enabled>
        </wysiwyg>
    </cms>
    <design>
        <header>
            <logo_width>111</logo_width>
            <logo_height>44</logo_height>
            <logo_src>default/logo_ecomblack_lg.png</logo_src>
        </header>
    </design>
    <dev>
        <js>
            <merge_files>1</merge_files>
        </js>
    </dev>
    <layered_navigation>
        <general>
            <enable>0</enable>
        </general>
    </layered_navigation>
    <porto_settings>
        <general>
            <boxed>wide</boxed>
            <layout>full_width</layout>
            <show_site_notice>0</show_site_notice>
            <show_site_notice_button>1</show_site_notice_button>
            <custom_notice_day>1</custom_notice_day>
            <custom_notice_block>porto_custom_notice</custom_notice_block>
            <category_list_on_left>0</category_list_on_left>
            <smartlayers>1</smartlayers>
            <sidebar_sticky>1</sidebar_sticky>
        </general>
        <header>
            <header_type>3</header_type>
            <static_block_top>porto_custom_block_for_header_top</static_block_top>
            <static_block></static_block>
            <sticky_header>0</sticky_header>
            <sticky_header_logo>0</sticky_header_logo>
            <mobile_sticky_header>1</mobile_sticky_header>
            <currency_short>1</currency_short>
            <language_flag>1</language_flag>
        </header>
        <footer>
            <footer_top>1</footer_top>
            <footer_top_block>custom</footer_top_block>
            <footer_top_custom>footer_top_block</footer_top_custom>
            <footer_middle>1</footer_middle>
            <footer_ribbon>0</footer_ribbon>
            <footer_ribbon_text>Get in touch</footer_ribbon_text>
            <footer_middle_column_1>custom</footer_middle_column_1>
            <footer_middle_column_1_custom>footer_middle_contact_info</footer_middle_column_1_custom>
            <footer_middle_column_1_size>4</footer_middle_column_1_size>
            <footer_middle_column_2>custom</footer_middle_column_2>
            <footer_middle_column_2_custom>footer_middle_my_account</footer_middle_column_2_custom>
            <footer_middle_column_2_size>4</footer_middle_column_2_size>
            <footer_middle_column_3>custom</footer_middle_column_3>
            <footer_middle_column_3_custom>footer_middle_main_features</footer_middle_column_3_custom>
            <footer_middle_column_3_size>4</footer_middle_column_3_size>
            <footer_middle_column_4></footer_middle_column_4>
            <footer_middle_column_4_custom></footer_middle_column_4_custom>
            <footer_middle_column_4_size>3</footer_middle_column_4_size>
            <footer_middle_2>0</footer_middle_2>
            <footer_middle_2_column_1>custom</footer_middle_2_column_1>
            <footer_middle_2_column_1_custom></footer_middle_2_column_1_custom>
            <footer_middle_2_column_1_size>3</footer_middle_2_column_1_size>
            <footer_middle_2_column_2>custom</footer_middle_2_column_2>
            <footer_middle_2_column_2_custom></footer_middle_2_column_2_custom>
            <footer_middle_2_column_2_size>3</footer_middle_2_column_2_size>
            <footer_middle_2_column_3>custom</footer_middle_2_column_3>
            <footer_middle_2_column_3_custom></footer_middle_2_column_3_custom>
            <footer_middle_2_column_3_size>3</footer_middle_2_column_3_size>
            <footer_middle_2_column_4>custom</footer_middle_2_column_4>
            <footer_middle_2_column_4_custom></footer_middle_2_column_4_custom>
            <footer_middle_2_column_4_size>3</footer_middle_2_column_4_size>
            <footer_bottom>1</footer_bottom>
            <footer_store_switcher>0</footer_store_switcher>
            <footer_logo_src></footer_logo_src>
            <footer_bottom_copyrights><![CDATA[© Porto Magento 2021. All Rights Reserved.]]></footer_bottom_copyrights>
            <footer_bottom_custom_1></footer_bottom_custom_1>
            <footer_bottom_custom_2>porto_footer_bottom_custom_block_2</footer_bottom_custom_2>
        </footer>
        <category>
            <alternative_image>1</alternative_image>
            <aspect_ratio>0</aspect_ratio>
            <ratio_width>300</ratio_width>
            <ratio_height>300</ratio_height>
            <rating_star>1</rating_star>
            <product_price>1</product_price>
            <actions>1</actions>
            <addtocompare>1</addtocompare>
            <addtowishlist>1</addtowishlist>
            <qty_field>0</qty_field>
            <page_layout>2columns-left</page_layout>
            <category_description>full_width</category_description>
            <side_custom_block>porto_category_side_custom_block</side_custom_block>
        </category>
        <category_grid>
            <product_type>3</product_type>
            <columns>5</columns>
            <xs_one_column>0</xs_one_column>
            <infinite_scroller>0</infinite_scroller>
        </category_grid>
        <product>
          <aspect_ratio>0</aspect_ratio>
          <ratio_width>500</ratio_width>
          <ratio_height>500</ratio_height>
            <product_image_size>5</product_image_size>
            <product_page_type></product_page_type>
            <main_custom_block></main_custom_block>
            <side_custom_block>porto_product_side_custom_block</side_custom_block>
            <page_layout>1column</page_layout>
            <upsell_columns>5</upsell_columns>
            <move_upsell>0</move_upsell>
            <move_upsell_full>1</move_upsell_full>
            <move_addtolinks>1</move_addtolinks>
            <tab_full_background>0</tab_full_background>
            <custom_block_next_tab></custom_block_next_tab>
        </product>
        <newsletter>
            <delay>10000</delay>
            <logo_src>default/logo_ecomblack_lg.png</logo_src>
            <content><![CDATA[<h3 style="font-size: 1.125rem;line-height: 1.2" class="vc_custom_heading mb-2 align-left text-uppercase">Subscribe To Newsletter</h3>
<p style="font-size: 0.875rem;line-height: 1.8571;letter-spacing:-.02em" class="vc_custom_heading mb-4 align-left">Subscribe to the Porto mailing list to receive updates on new arrivals, special offers and our promotions.</p>]]></content>
            <width>740px</width>
            <height>320px</height>
        </newsletter>
        <contacts>
            <enable>1</enable>
            <full_width>0</full_width>
            <address>Porto2 Store</address>
            <latitude>-34.398</latitude>
            <longitude>150.884</longitude>
            <zoom>18</zoom>
            <infoblock><![CDATA[<div class="row">
<div class="col-md-12">
    <i class="porto-icon-phone"></i>
    <p>0201 203 2032</p>
    <p>0201 203 2032</p>
</div>
</div>
<div class="row">
<div class="col-md-12">
    <i class="porto-icon-mobile"></i>
    <p>201-123-3922</p>
    <p>302-123-3928</p>
</div>
</div>
<div class="row">
<div class="col-md-12">
    <i class="porto-icon-mail-alt"></i>
    <p>porto@gmail.com</p>
    <p>porto@portotemplate.com</p>
</div>
</div>
<div class="row">
<div class="col-md-12">
    <i class="porto-icon-skype"></i>
    <p>porto_skype</p>
    <p>proto_template</p>
</div>
</div>]]></infoblock>
            <customblock></customblock>
        </contacts>
        <custom_settings>
          <custom_google_fonts><![CDATA[@import url('https://fonts.googleapis.com/css2?family=Playfair+Display:ital,wght@0,400;0,500;0,600;0,700;0,800;0,900;1,400;1,500;1,600;1,700;1,800;1,900&display=swap');]]></custom_google_fonts>
            <custom_style><![CDATA[.layout-fullwidth .container, .layout-fullwidth .block.category.event,.layout-fullwidth .footer.content,.layout-fullwidth .header.content,.layout-fullwidth .navigation,.layout-fullwidth .page-main,.layout-fullwidth .page-wrapper>.breadcrumbs >ul,.layout-fullwidth .page-wrapper>.page-bottom,.layout-fullwidth .page-wrapper>.widget,.layout-fullwidth .top-container{
    padding-left: 4.27vw;padding-right: 4.27vw;
}
@media (max-width: 575px){
html {
    font-size: 13.7143px;
}
body {
    font-size: 12px;
    line-height: 21px;
}
}
h1, h2, h3, h4, h5, h6 {
    color: #222529;
    letter-spacing: normal;
}
h2 {
    font-family: Poppins,sans-serif;
    font-weight: 700;
    font-size: 30px;
    line-height: 40px;
    letter-spacing: -.3px;
    color: #302e2a;
    margin: 0 0 32px 0;
}
h3 {
    font-family: Poppins,sans-serif;
    font-weight: 700;
    font-size: 25px;
    line-height: 32px;
    color: #222329;
    margin: 0 0 20px 0;
}
h4 {
    font-family: Poppins,sans-serif;
    font-weight: 700;
    font-size: 20px;
    line-height: 27px;
    color: #222329;
    margin: 0 0 14px 0;
}
h5 {
    font-family: Poppins,sans-serif;
    font-weight: 700;
    font-size: 14px;
    line-height: 20px;
    color: #222329;
    margin: 0 0 14px 0;
}
h6 {
    font-family: Poppins,sans-serif;
    font-weight: 600;
    font-size: 13px;
    line-height: 18px;
    color: #222329;
    margin: 0 0 14px 0;
}
p {
    letter-spacing: 0;
}
.home-banner-slider h2.vc_custom_heading, .custom-font4 {
    font-family: 'Segoe Script','Savoye LET';
}
html .heading-secondary, html .lnk-secondary, html .text-color-secondary {
    color: #ff7272;
}
html .action.primary, html .btn {
    font-family: Poppins;
    font-weight: 700;
    line-height: 1.42857;
    padding: .8em 2em;
}
html .action.primary {
    color: #fff;
    background-color: #000;
    border-color: #000 #000 #000;
}
html .btn-modern {
    text-transform: uppercase;
    font-size: .75rem;
    padding: .75rem 1.5rem;
    font-weight: 600;
    height: auto;
}
.btn-modern.btn-xl {
    font-size: 1.125em;
    font-weight: 700;
    padding: 1.125em 2.75em;
}
.btn-flat {
    padding: 0!important;
    background: none!important;
    border: none!important;
    border-bottom: 1px solid transparent!important;
    box-shadow: none!important;
    text-transform: uppercase;
    font-size: .75rem;
}
html .btn-dark {
    color: #fff;
    background-color: #222529;
    border-color: #222529 #222529 #0b0c0e;
}
html .btn-light {
    color: #222529;
    background-color: #fff;
    border-color: #fff #fff #e6e6e6;
}
html .background-color-secondary {
    background-color: #ff7272!important;
}
.cms-index-index .page-header.type3 {
    background-color: transparent;
    position: absolute;
    width: 100%;
}
.page-header.type3 .navigation .level0 .level-top {
     font-family: Poppins;
}
.widget .widgettitle {
    font-size: 1rem;
    letter-spacing: -.02em;
}
.small-list.products-grid .product-items .product-item-info .product-item-photo:before {display: none;}
.owl-carousel.show-nav-title .owl-nav {
    margin-top: -22px;
}
.page-wrapper > .breadcrumbs {
    border-bottom: 1px solid #dfdfdf;
    margin-bottom: 35px;
}
.page-wrapper > .breadcrumbs .items {
    font-size: 10px;
    font-weight: 700;
    letter-spacing: 1px;
}
.page-wrapper > .breadcrumbs .items>li.home a {
    width: auto;
    text-indent: 0;
}
.page-wrapper > .breadcrumbs .items>li.home a:after {display: none;}
.catalog-category-view .sidebar.sidebar-main .sidebar-content,.catalogsearch-result-index .sidebar.sidebar-main .sidebar-content {
    border: none;
}
.sidebar .sidebar-content .block-category-list, .side-custom-block .custom-block,.filter-options-item,.filter-actions {
    padding: 0;
    margin-bottom: 30px;
    border: none;
}
.filter-current {padding: 0;}
.block-category-list .block-title, .side-custom-block .custom-block h2, .filter-options-title,.filter .filter-current-subtitle {
    border-bottom: 2px solid #dfdfdf;
    font-family: Oswald;
    font-size: 14px;
    font-weight: 700;
    letter-spacing: .05em;
    line-height: 1;
    padding: 10px 0;
    margin-bottom: 10px;
}
.block-category-list .block-title {
    padding-top: 0;
}
.block-category-list .block-content ol li a {
    font-size: 12px;
}
.side-custom-block .custom-block:last-child {
    margin-bottom: 0;
}
.side-custom-block .custom-block h5 {
    margin-top: 0 !important;
}
.sorter-label, .limiter .label {
    font-family: Oswald;
    font-weight: 700;
    font-size: 12px;
    color: #222329;
    text-transform: uppercase;
}
.toolbar select {
    border: 2px solid #000;
    font-weight: 700;
    text-transform: uppercase;
}
.pages strong.page {
    border: none;
}
.pages a.page,.pages a.page:hover {
    border: none;
    color: #000;
}
.pages .action, .pages .action:hover {
    border-width: 2px;
    border-color: #222529;
    height: 36px;
    width: 36px;
    color: #000;
}
.pages .action:hover {
    background: #000;
    color: #fff !important;
}
.footer .widget,.widget {
    margin-bottom: 1.875rem;
    margin-top: 1.875rem;
}
.footer .widget:first-child,.widget:first-child {
    margin-top: 0;
}
.footer .widgettitle, .footer .widget-title {
    font-size: 1.1666em;
    font-weight: 700;
}
.widget.contact-info ul, .widget.contact-info li {
    line-height: 1.8;
}
.footer .follow-us .share-links a:not(:hover) {
    background: none;
    color: #525252;
    border: none;
    font-size: 18px;
}
.footer .newsletter input,.footer .newsletter .action.subscribe {
    border-radius: 0;
}
.footer .newsletter input {
    background: #f4f4f4;
    min-width: 271px;
    padding: 8px 12px;
}
.footer .newsletter .action.subscribe {
    padding: .533rem .933rem;
    line-height: 1.42857;
    background-color: #222529;
}
.footer .row.d-inline-flex {
    white-space: nowrap;
    margin-left: -3vw;
    margin-right: -3vw;
}
.footer .row.d-inline-flex>div {
    padding-left: 3vw;
    padding-right: 3vw;
}
.footer-middle > .container {
    padding-bottom: 1.55rem;
}
.footer .contact-info .contact-details strong {
    color: #000;
}
.footer .contact-info .contact-details strong, .footer .contact-info .contact-details span {
    line-height: 1.4;
}
.footer-middle .widget.follow-us {
    display: none;
}
.footer .footer-bottom {
    padding: 1.5rem 0 2rem;
    font-size: 1em;
}
.footer-middle > .container::after {
    left: 4.27vw;
    right: 4.27vw;
    border-color: #e7e7e7;
}
@media (min-width: 576px) {
.footer .contact-details {
    display: -ms-flexbox;
    display: flex;
    -ms-flex-wrap: wrap;
    flex-wrap: wrap;
}
.footer .contact-details>li {
    flex: 0 0 50%;
}
}]]></custom_style>
            <custom_style_2><![CDATA[]]></custom_style_2>
        </custom_settings>
    </porto_settings>
    <porto_design>
        <general>
            <theme_color>#222529</theme_color>
        </general>
        <font>
            <custom>0</custom>
            <font_size>14px</font_size>
            <font_family>google</font_family>
            <custom_font_family></custom_font_family>
            <google_font_family>Poppins</google_font_family>
            <char_latin_ext></char_latin_ext>
            <char_subset></char_subset>
        </font>
        <colors>
            <custom>1</custom>
            <text_color></text_color>
            <link_color></link_color>
            <link_hover_color></link_hover_color>
            <button_bg_color></button_bg_color>
            <button_text_color></button_text_color>
            <button_hover_bg_color></button_hover_bg_color>
            <button_hover_text_color></button_hover_text_color>
            <breadcrumbs_bg_color>FFFFFF</breadcrumbs_bg_color>
            <breadcrumbs_color>#000000</breadcrumbs_color>
            <breadcrumbs_links_color>#000000</breadcrumbs_links_color>
            <breadcrumbs_links_hover_color>#000000</breadcrumbs_links_hover_color>
            <sale_bg_color></sale_bg_color>
            <sale_font_color></sale_font_color>
            <new_bg_color></new_bg_color>
            <new_font_color></new_font_color>
            <price_slider_bg_color>#eee</price_slider_bg_color>
            <price_slider_handle_color>#000000</price_slider_handle_color>
        </colors>
        <header>
            <custom>1</custom>
            <notice_bgcolor>dark</notice_bgcolor>
            <notice_text_color>light</notice_text_color>
            <header_bgcolor>FFFFFF</header_bgcolor>
            <header_bg_image></header_bg_image>
            <header_bordercolor></header_bordercolor>
            <header_textcolor>#222529</header_textcolor>
            <header_linkcolor>#222529</header_linkcolor>
            <header_top_links_bgcolor>#0188cc</header_top_links_bgcolor>
            <header_top_links_color>#bde1f5</header_top_links_color>
            <header_menu_bgcolor>transparent</header_menu_bgcolor>
            <header_menu_color>#141a1f</header_menu_color>
            <header_menu_hover_bgcolor></header_menu_hover_bgcolor>
            <header_menu_hover_color>#141a1f</header_menu_hover_color>
            <header_sidemenu_color>#555</header_sidemenu_color>
            <header_sidemenu_hover_bgcolor>#08c</header_sidemenu_hover_bgcolor>
            <header_sidemenu_hover_color>#FFFFFF</header_sidemenu_hover_color>
            <header_menu_classicmenu_bgcolor></header_menu_classicmenu_bgcolor>
            <header_menu_classicmenu_bordercolor></header_menu_classicmenu_bordercolor>
            <header_menu_classicmenu_color>#000</header_menu_classicmenu_color>
            <header_menu_classicmenu_hover_bgcolor>#000</header_menu_classicmenu_hover_bgcolor>
            <header_menu_classicmenu_hover_color>#FFFFFF</header_menu_classicmenu_hover_color>
            <header_menu_megamenu_bgcolor></header_menu_megamenu_bgcolor>
            <header_menu_megamenu_bordercolor></header_menu_megamenu_bordercolor>
            <header_menu_megamenu_color>#000</header_menu_megamenu_color>
            <header_menu_megamenu_hover_color>#000</header_menu_megamenu_hover_color>
            <header_search_bgcolor></header_search_bgcolor>
            <header_search_text_color>#999</header_search_text_color>
            <header_search_bordercolor>#ccc</header_search_bordercolor>
            <header_minicart_design>1</header_minicart_design>
            <header_minicart_color>#222529</header_minicart_color>
            <header_minicart_icon_color>#222529</header_minicart_icon_color>
        </header>
        <footer>
            <custom>1</custom>
            <footer_top_bgcolor>#FFFFFF</footer_top_bgcolor>
            <footer_top_color>#777</footer_top_color>
            <footer_top_link_color>#777</footer_top_link_color>
            <footer_top_link_hover_color>#777</footer_top_link_hover_color>
            <footer_middle_bgcolor>#FFFFFF</footer_middle_bgcolor>
            <footer_middle_color>#90969a</footer_middle_color>
            <footer_middle_link_color>#90969a</footer_middle_link_color>
            <footer_middle_link_hover_color>#555</footer_middle_link_hover_color>
            <footer_middle_title_color>#000</footer_middle_title_color>
            <footer_middle_links_icon_color>#000</footer_middle_links_icon_color>
            <footer_middle_ribbon_bgcolor>#000</footer_middle_ribbon_bgcolor>
            <footer_middle_ribbon_shadow_color>#000</footer_middle_ribbon_shadow_color>
            <footer_middle_ribbon_color>#FFFFFF</footer_middle_ribbon_color>
            <footer_middle_2_bgcolor></footer_middle_2_bgcolor>
            <footer_middle_2_color></footer_middle_2_color>
            <footer_middle_2_link_color></footer_middle_2_link_color>
            <footer_middle_2_link_hover_color></footer_middle_2_link_hover_color>
            <footer_middle_2_title_color></footer_middle_2_title_color>
            <footer_middle_2_links_icon_color></footer_middle_2_links_icon_color>
            <footer_bottom_bgcolor>#FFFFFF</footer_bottom_bgcolor>
            <footer_bottom_color>#90969a</footer_bottom_color>
            <footer_bottom_link_color>#90969a</footer_bottom_link_color>
            <footer_bottom_link_hover_color>90969a</footer_bottom_link_hover_color>
        </footer>
        <page>
            <custom>0</custom>
            <page_bgcolor></page_bgcolor>
            <page_bg_image></page_bg_image>
            <page_custom_style><![CDATA[]]></page_custom_style>
        </page>
        <main>
            <custom>0</custom>
            <main_bgcolor></main_bgcolor>
            <main_bg_image></main_bg_image>
            <main_custom_style><![CDATA[]]></main_custom_style>
        </main>
    </porto_design>
    <mpsearch>
        <general>
            <enabled>1</enabled>
        </general>
    </mpsearch>
</config>
</root>
